
-- insert hoa
INSERT INTO flowers (tenHoa, hinhAnh, giaNhap, giaBan, soluong, createdAt) VALUES
('Hoa Hồng Đỏ', 'https://i.pinimg.com/736x/1d/b4/36/1db436337a94fc3222e8849572201692.jpg', 50, 70, 1,strftime('%s','now')*1000),
('Hoa Hồng Trắng', 'https://i.pinimg.com/736x/7a/68/e3/7a68e3afb07d72b4086136f3af9a7d1a.jpg', 55, 75, 1,strftime('%s','now')*1000),
('Hoa Hồng Vàng', 'https://i.pinimg.com/736x/66/3f/e2/663fe2d30d198094227eded3e9432cf9.jpg', 52, 72, 1,strftime('%s','now')*1000),
('Hoa Lan Hồ Điệp', 'https://i.pinimg.com/736x/df/9b/20/df9b2063649512a0a49645322941e723.jpg', 80, 100, 1,strftime('%s','now')*1000),
('Hoa Lan Cattleya', 'https://i.pinimg.com/1200x/ba/2b/99/ba2b99363911a0de5c8cccdd3ed64eb4.jpg', 85, 105, 1,strftime('%s','now')*1000),
('Hoa Lan Vanda', 'https://i.pinimg.com/736x/36/45/5a/36455a48cfad957d3e8427e4060f172c.jpg', 90, 110, 1,strftime('%s','now')*1000),
('Hoa Ly (Bách Hợp)', 'https://i.pinimg.com/1200x/5e/8a/45/5e8a4599cb8712064791995d1e3c18af.jpg', 60, 80, 1,strftime('%s','now')*1000),
('Hoa Tulip', 'https://i.pinimg.com/736x/cf/8d/47/cf8d4701c73525ad20aa25ee93f998df.jpg', 70, 90, 1,strftime('%s','now')*1000),
('Hoa Cúc Vàng', 'https://i.pinimg.com/736x/12/d4/4e/12d44ec71e173fbf3d4006315afe9745.jpg', 30, 50, 1,strftime('%s','now')*1000),
('Hoa Cẩm Chướng', 'https://i.pinimg.com/736x/02/41/04/024104a1608a5295f6d11992cdc500a3.jpg', 40, 60, 1,strftime('%s','now')*1000),
('Hoa Hướng Dương', 'https://i.pinimg.com/736x/50/d9/d6/50d9d68cd02b0ca316eab735292e81ef.jpg', 35, 55, 1,strftime('%s','now')*1000),
('Hoa Lavender', 'https://i.pinimg.com/736x/55/3e/80/553e803485d51f9453b27f6e53805574.jpg', 75, 95, 1,strftime('%s','now')*1000),
('Hoa Mai Vàng', 'https://i.pinimg.com/736x/f3/bb/c0/f3bbc04717dbf0fd8cd129d92a27b864.jpg', 60, 80, 1,strftime('%s','now')*1000),
('Hoa Đào Tết', 'https://i.pinimg.com/736x/52/7a/d6/527ad6301b9168500fa67f7da0b4be67.jpg', 65, 85, 1,strftime('%s','now')*1000),
('Hoa Sen', 'https://i.pinimg.com/736x/13/fc/99/13fc997c912e313645553e113646a8d4.jpg', 70, 90, 1,strftime('%s','now')*1000),
('Hoa Nhài', 'https://i.pinimg.com/736x/a3/d4/04/a3d404ecafb26f41942634e0dabc23b7.jpg', 45, 65, 1,strftime('%s','now')*1000),
('Hoa Mẫu Đơn (Peony)', 'https://i.pinimg.com/originals/2d/db/24/2ddb2428fc36385900aa2c7dbb68d5f5.png', 55, 75, 1,strftime('%s','now')*1000),
('Hoa Cẩm Tú Cầu', 'https://i.pinimg.com/1200x/a0/32/a5/a032a58016f19473560e6e94b3387bef.jpg', 65, 85, 1,strftime('%s','now')*1000),
('Hoa Phong Lan Rừng', 'https://i.pinimg.com/736x/97/13/ff/9713ffb53bc8db1b43d3c977abb74e61.jpg', 80, 100, 1,strftime('%s','now')*1000),
('Hoa Mộc Lan', 'https://i.pinimg.com/736x/21/5d/4c/215d4c77b9a10b805a5ebe0c14e6d8aa.jpg', 70, 90, 1,strftime('%s','now')*1000),
('Hoa Đỗ Quyên', 'https://i.pinimg.com/736x/a6/e5/fa/a6e5fad0e9561d9cdbd75b1e0eb3d438.jpg', 75, 95, 1,strftime('%s','now')*1000),
('Hoa Tử Đinh Hương', 'https://i.pinimg.com/736x/40/62/de/4062debffbbd9a044d52e9cf1ebee0e7.jpg', 85, 105, 1,strftime('%s','now')*1000),
('Hoa Cát Tường', 'https://i.pinimg.com/1200x/cc/5c/4b/cc5c4b254da6183eb10c7e14f2d41e2f.jpg', 60, 80, 1,strftime('%s','now')*1000),
('Hoa Dạ Lan Hương', 'https://i.pinimg.com/736x/56/a2/ff/56a2ff65f7e4be5c3235dda293e7d21f.jpg', 65, 85, 1,strftime('%s','now')*1000),
('Hoa Thược Dược', 'https://i.pinimg.com/736x/cd/1e/8b/cd1e8b8c73ab5ac89f88a28531dc88fe.jpg', 70, 90, 1,strftime('%s','now')*1000),
('Hoa Phong Lữ', 'https://i.pinimg.com/1200x/37/5a/f3/375af34a59cadf29cb93756ea35c61e0.jpg', 75, 95, 1,strftime('%s','now')*1000),
('Hoa Đồng Tiền', 'https://i.pinimg.com/736x/75/b7/70/75b770cd23722b37c7013a471ee8bd3f.jpg', 45, 65, 1,strftime('%s','now')*1000),
('Hoa Anh Đào (Sakura)', 'https://i.pinimg.com/1200x/de/02/9a/de029aca664ace271d53c13579dc83d6.jpg', 85, 105, 1,strftime('%s','now')*1000),
('Hoa Baby (Baby’s Breath)', 'https://i.pinimg.com/736x/08/1d/bb/081dbba65d106d9943cbe97f582759dd.jpg', 90, 110, 1,strftime('%s','now')*1000),
('Hoa Cúc Hoạ Mi', 'https://i.pinimg.com/736x/25/fd/50/25fd507fb17d3abfc54114ad13305141.jpg', 95, 115, 1,strftime('%s','now')*1000),
('Hoa Hồng Leo', 'https://i.pinimg.com/736x/f5/22/f1/f522f1a61c378c9b8b16a3f049ce87ab.jpg', 100, 120, 1,strftime('%s','now')*1000),
('Hoa Trà My', 'https://i.pinimg.com/736x/e2/6c/6e/e26c6e6f1c8bd5a60a207ce05a34d139.jpg', 105, 125, 1,strftime('%s','now')*1000),
('Hoa Thiên Điểu', 'https://i.pinimg.com/736x/64/b2/ac/64b2acac8c74da505b6ac60454839383.jpg', 110, 130, 1,strftime('%s','now')*1000),
('Hoa Mao Lương', 'https://i.pinimg.com/736x/49/8f/c1/498fc156a7642cb0c18bb3f0762ae671.jpg', 115, 135, 1,strftime('%s','now')*1000),
('Hoa Hải Đường', 'https://i.pinimg.com/1200x/5e/1b/91/5e1b9134b347d1d8a818f7d2a2f49e84.jpg', 120, 140, 1,strftime('%s','now')*1000),
('Hoa Violet', 'https://i.pinimg.com/736x/6b/2b/3f/6b2b3f272a2f7058979d124caeefeaf5.jpg', 125, 145, 1,strftime('%s','now')*1000),
('Hoa Diên Vĩ (Iris)', 'https://i.pinimg.com/736x/d3/c2/18/d3c218e324d0ae338de1ea5a10620009.jpg', 130, 150, 1,strftime('%s','now')*1000),
('Hoa Mười Giờ', 'https://i.pinimg.com/736x/93/6c/76/936c76cc3e82000272c4f0e6ffddbb63.jpg', 135, 155, 1,strftime('%s','now')*1000),
('Hoa Quỳnh', 'https://i.pinimg.com/736x/f5/5a/dd/f55add314b127c2a015195f23b08721c.jpg', 140, 160, 1,strftime('%s','now')*1000),
('Hoa Huệ (Tây)', 'https://i.pinimg.com/1200x/40/3f/36/403f3638275f4b446f5ff052393ae047.jpg', 145, 165, 1,strftime('%s','now')*1000),
('Hoa Bằng Lăng', 'https://i.pinimg.com/736x/1d/ca/18/1dca181c4e492f9e45d7ee4cf686a951.jpg', 150, 170, 1,strftime('%s','now')*1000),
('Hoa Sứ (Đại)', 'https://i.pinimg.com/736x/3b/76/1b/3b761b31eb35c25f1dd8444f4c009c1c.jpg', 50, 70, 1,strftime('%s','now')*1000),
('Hoa Dã Quỳ', 'https://i.pinimg.com/736x/e1/96/29/e19629762c2d9ade49adad6bda7884ac.jpg', 55, 75, 1,strftime('%s','now')*1000),
('Hoa Phượng Vĩ', 'https://i.pinimg.com/1200x/60/15/a4/6015a4d1548f2ed163c2c1ae054c6027.jpg', 52, 72, 1,strftime('%s','now')*1000),
('Hoa Bỉ Ngạn', 'https://i.pinimg.com/736x/c3/a5/1c/c3a51cac63685c724ff41819403cfa7a.jpg', 80, 100, 1,strftime('%s','now')*1000),
('Hoa Thu Hải Đường', 'https://i.pinimg.com/1200x/7e/7f/a6/7e7fa6d93a902b3fbff469c5905a4b80.jpg', 85, 105, 1,strftime('%s','now')*1000),
('Hoa Linh Lan', 'https://i.pinimg.com/736x/91/0b/d9/910bd9b7346942cd6d741169efb4cc1c.jpg', 90, 110, 1,strftime('%s','now')*1000),
('Hoa Thủy Tiên', 'https://i.pinimg.com/1200x/7a/86/bd/7a86bd933a419cb5c6e8a076c8854ef4.jpg', 60, 80, 1,strftime('%s','now')*1000),
('Hoa Tigon', 'https://i.pinimg.com/1200x/ec/fb/c3/ecfbc3b21c260cc24acdf9b63c8188b1.jpg', 70, 90, 1,strftime('%s','now')*1000),
('Hoa Tử Đằng', 'https://i.pinimg.com/736x/fe/f3/60/fef360f898f902413d57fa25dde336ef.jpg', 30, 50, 1,strftime('%s','now')*1000);


-- insert invoice và invoice detail

INSERT INTO invoices (id, tenKhach, sdt, diaChi, tongSoLuong, giamGia, tongTienThu, tongLoiNhuan, ghiChu, loaiGiaoDich, isCompleted, date, createdAt) VALUES
(1, 'Trần Thị B', '0901234567', '321 Quốc Lộ 1A', 2, 0, 260.00, 40.00, 'Đóng gói cẩn thận', 'Chuyển khoản', 0, 1759815292000, 1759815292000),
(2, 'Trần Thị B', '0912345678', 'Khu Phố 4', 3, 0, 255.00, 60.00, 'Giao hàng nhanh', 'Chuyển khoản', 0, 1759823123000, 1759823123000),
(3, 'Nguyễn Văn A', '0987654321', '321 Quốc Lộ 1A', 8, 0, 700.00, 160.00, 'Giao hàng nhanh', 'Chuyển khoản', 0, 1759825684000, 1759825684000),
(4, 'Phạm Thu D', '0901234567', '123 Đường ABC', 2, 0, 210.00, 40.00, 'Giao hàng nhanh', 'Chuyển khoản', 0, 1759809724000, 1759809724000),
(5, 'Phạm Thu D', '0976543210', 'Số 567 Phường XYZ', 2, 0, 160.00, 40.00, 'Đóng gói cẩn thận', 'Tiền mặt', 0, 1759812845000, 1759812845000),
(6, 'Nguyễn Văn A', NULL, NULL, 8, 10, 688.50, 160.00, NULL, 'Chuyển khoản', 0, 1759831556000, 1759831556000),
(7, 'Lê Đình C', NULL, 'Khu Phố 4', 5, 0, 500.00, 100.00, NULL, 'Chuyển khoản', 0, 1759832033000, 1759832033000),
(8, 'Hoàng Anh E', '0976543210', '123 Đường ABC', 8, 10, 1206.00, 160.00, 'Giao hàng nhanh', 'Chuyển khoản', 0, 1759811043000, 1759811043000),
(9, 'Hoàng Anh E', '0901234567', '321 Quốc Lộ 1A', 7, 5, 489.25, 140.00, NULL, 'Tiền mặt', 0, 1759810273000, 1759810273000),
(10, 'Nguyễn Văn A', '0912345678', 'Số 567 Phường XYZ', 5, 0, 550.00, 100.00, 'Đóng gói cẩn thận', 'Tiền mặt', 0, 1759810209000, 1759810209000),
(11, 'Nguyễn Văn A', '0976543210', 'Khu Phố 4', 5, 10, 765.00, 100.00, NULL, 'Chuyển khoản', 0, 1759817478000, 1759817478000),
(12, 'Phạm Thu D', '0912345678', 'Khu Phố 4', 4, 0, 288.00, 80.00, 'Giao hàng nhanh', 'Tiền mặt', 0, 1759833524000, 1759833524000),
(13, 'Trần Thị B', '0912345678', '123 Đường ABC', 8, 5, 489.25, 160.00, NULL, 'Tiền mặt', 0, 1759804154000, 1759804154000),
(14, 'Lê Đình C', NULL, 'Số 567 Phường XYZ', 7, 5, 489.25, 140.00, NULL, 'Tiền mặt', 0, 1759805113000, 1759805113000),
(15, 'Lê Đình C', NULL, '123 Đường ABC', 5, 10, 643.50, 100.00, NULL, 'Tiền mặt', 0, 1759829902000, 1759829902000),
(16, 'Trần Thị B', '0912345678', 'Số 567 Phường XYZ', 1, 0, 60.00, 20.00, 'Đóng gói cẩn thận', 'Chuyển khoản', 0, 1759822504000, 1759822504000),
(17, 'Trần Thị B', '0912345678', '123 Đường ABC', 3, 0, 225.00, 60.00, 'Giao hàng nhanh', 'Chuyển khoản', 0, 1759810823000, 1759810823000),
(18, 'Hoàng Anh E', NULL, '123 Đường ABC', 5, 0, 350.00, 100.00, 'Đóng gói cẩn thận', 'Tiền mặt', 0, 1759816261000, 1759816261000),
(19, 'Lê Đình C', '0912345678', 'Số 567 Phường XYZ', 4, 0, 415.00, 80.00, 'Đóng gói cẩn thận', 'Chuyển khoản', 0, 1759816995000, 1759816995000),
(20, 'Hoàng Anh E', NULL, '123 Đường ABC', 6, 0, 880.00, 120.00, 'Giao hàng nhanh', 'Tiền mặt', 0, 1759831463000, 1759831463000),
(21, 'Hoàng Anh E', '0912345678', '123 Đường ABC', 2, 0, 190.00, 40.00, 'Đóng gói cẩn thận', 'Tiền mặt', 0, 1759915096000, 1759915096000),
(22, 'Hoàng Anh E', '0912345678', NULL, 3, 0, 150.00, 60.00, NULL, 'Tiền mặt', 0, 1759898486000, 1759898486000),
(23, 'Lê Đình C', '0901234567', '321 Quốc Lộ 1A', 2, 0, 160.00, 40.00, NULL, 'Tiền mặt', 0, 1759913365000, 1759913365000),
(24, 'Phạm Thu D', '0987654321', NULL, 6, 10, 657.00, 120.00, NULL, 'Tiền mặt', 0, 1759919086000, 1759919086000),
(25, 'Phạm Thu D', NULL, 'Khu Phố 4', 2, 0, 190.00, 40.00, 'Đóng gói cẩn thận', 'Chuyển khoản', 0, 1759893194000, 1759893194000),
(26, 'Phạm Thu D', '0901234567', '123 Đường ABC', 6, 0, 490.00, 120.00, NULL, 'Tiền mặt', 0, 1759903308000, 1759903308000),
(27, 'Trần Thị B', NULL, NULL, 3, 0, 315.00, 60.00, 'Đóng gói cẩn thận', 'Chuyển khoản', 0, 1759916068000, 1759916068000),
(28, 'Lê Đình C', '0976543210', '123 Đường ABC', 5, 0, 665.00, 100.00, 'Đóng gói cẩn thận', 'Chuyển khoản', 0, 1759901327000, 1759901327000),
(29, 'Lê Đình C', '0987654321', NULL, 5, 0, 495.00, 100.00, 'Đóng gói cẩn thận', 'Chuyển khoản', 0, 1759914587000, 1759914587000),
(30, 'Phạm Thu D', '0976543210', 'Khu Phố 4', 5, 5, 522.50, 100.00, NULL, 'Chuyển khoản', 0, 1759908220000, 1759908220000),
(31, 'Phạm Thu D', '0976543210', 'Khu Phố 4', 10, 5, 736.25, 200.00, NULL, 'Tiền mặt', 0, 1759902983000, 1759902983000),
(32, 'Nguyễn Văn A', '0976543210', '321 Quốc Lộ 1A', 5, 0, 330.00, 100.00, 'Giao hàng nhanh', 'Chuyển khoản', 0, 1759909869000, 1759909869000),
(33, 'Phạm Thu D', '0912345678', '123 Đường ABC', 7, 0, 730.00, 140.00, 'Đóng gói cẩn thận', 'Tiền mặt', 0, 1759903312000, 1759903312000),
(34, 'Phạm Thu D', '0901234567', 'Số 567 Phường XYZ', 6, 10, 648.00, 120.00, NULL, 'Chuyển khoản', 0, 1759894613000, 1759894613000),
(35, 'Hoàng Anh E', NULL, 'Số 567 Phường XYZ', 8, 10, 583.20, 160.00, 'Đóng gói cẩn thận', 'Chuyển khoản', 0, 1759891551000, 1759891551000),
(36, 'Phạm Thu D', NULL, 'Khu Phố 4', 4, 0, 240.00, 80.00, NULL, 'Tiền mặt', 0, 1759900890000, 1759900890000),
(37, 'Phạm Thu D', NULL, 'Khu Phố 4', 9, 10, 814.50, 180.00, 'Đóng gói cẩn thận', 'Chuyển khoản', 0, 1759915714000, 1759915714000),
(38, 'Lê Đình C', NULL, '321 Quốc Lộ 1A', 4, 10, 571.50, 80.00, 'Giao hàng nhanh', 'Chuyển khoản', 0, 1759903687000, 1759903687000),
(39, 'Lê Đình C', '0901234567', '321 Quốc Lộ 1A', 5, 0, 360.00, 100.00, NULL, 'Chuyển khoản', 0, 1759897052000, 1759897052000),
(40, 'Lê Đình C', '0912345678', 'Số 567 Phường XYZ', 1, 0, 95.00, 20.00, 'Đóng gói cẩn thận', 'Chuyển khoản', 0, 1759915538000, 1759915538000),
(41, 'Phạm Thu D', '0987654321', 'Số 567 Phường XYZ', 2, 0, 180.00, 40.00, 'Giao hàng nhanh', 'Tiền mặt', 0, 1759984359000, 1759984359000),
(42, 'Trần Thị B', '0987654321', 'Khu Phố 4', 7, 5, 831.25, 140.00, 'Đóng gói cẩn thận', 'Chuyển khoản', 0, 1760006493000, 1760006493000),
(43, 'Nguyễn Văn A', '0976543210', '321 Quốc Lộ 1A', 1, 0, 90.00, 20.00, 'Giao hàng nhanh', 'Tiền mặt', 0, 1759980309000, 1759980309000),
(44, 'Hoàng Anh E', '0987654321', 'Số 567 Phường XYZ', 3, 0, 390.00, 60.00, 'Đóng gói cẩn thận', 'Chuyển khoản', 0, 1759992758000, 1759992758000),
(45, 'Nguyễn Văn A', '0987654321', 'Khu Phố 4', 1, 0, 150.00, 20.00, 'Giao hàng nhanh', 'Tiền mặt', 0, 1759995311000, 1759995311000),
(46, 'Hoàng Anh E', '0901234567', NULL, 3, 0, 315.00, 60.00, 'Giao hàng nhanh', 'Tiền mặt', 0, 1760007404000, 1760007404000),
(47, 'Hoàng Anh E', NULL, 'Số 567 Phường XYZ', 5, 0, 480.00, 100.00, 'Giao hàng nhanh', 'Chuyển khoản', 0, 1759992139000, 1759992139000),
(48, 'Lê Đình C', '0912345678', '123 Đường ABC', 6, 0, 480.00, 120.00, 'Đóng gói cẩn thận', 'Chuyển khoản', 0, 1759983510000, 1759983510000),
(49, 'Hoàng Anh E', '0976543210', NULL, 2, 0, 275.00, 40.00, 'Giao hàng nhanh', 'Tiền mặt', 0, 1759995021000, 1759995021000),
(50, 'Hoàng Anh E', '0987654321', '123 Đường ABC', 6, 10, 666.00, 120.00, 'Giao hàng nhanh', 'Chuyển khoản', 0, 1759980727000, 1759980727000),
(51, 'Hoàng Anh E', '0912345678', '123 Đường ABC', 4, 0, 260.00, 80.00, 'Giao hàng nhanh', 'Tiền mặt', 0, 1760004276000, 1760004276000),
(52, 'Hoàng Anh E', '0987654321', 'Khu Phố 4', 5, 0, 360.00, 100.00, 'Giao hàng nhanh', 'Tiền mặt', 0, 1760006640000, 1760006640000),
(53, 'Trần Thị B', NULL, '123 Đường ABC', 2, 0, 200.00, 40.00, 'Đóng gói cẩn thận', 'Tiền mặt', 0, 1759995525000, 1759995525000),
(54, 'Nguyễn Văn A', '0901234567', NULL, 3, 0, 330.00, 60.00, 'Đóng gói cẩn thận', 'Chuyển khoản', 0, 1759995878000, 1759995878000),
(55, 'Nguyễn Văn A', '0987654321', 'Số 567 Phường XYZ', 8, 10, 691.20, 160.00, 'Đóng gói cẩn thận', 'Chuyển khoản', 0, 1760003770000, 1760003770000),
(56, 'Hoàng Anh E', '0976543210', 'Số 567 Phường XYZ', 2, 0, 150.00, 40.00, NULL, 'Chuyển khoản', 0, 1759995123000, 1759995123000),
(57, 'Trần Thị B', '0912345678', 'Số 567 Phường XYZ', 10, 10, 549.00, 200.00, 'Đóng gói cẩn thận', 'Chuyển khoản', 0, 1760001142000, 1760001142000),
(58, 'Trần Thị B', '0901234567', NULL, 1, 0, 85.00, 20.00, 'Đóng gói cẩn thận', 'Chuyển khoản', 0, 1759991263000, 1759991263000),
(59, 'Hoàng Anh E', NULL, '123 Đường ABC', 9, 10, 585.00, 180.00, 'Giao hàng nhanh', 'Tiền mặt', 0, 1759975515000, 1759975515000),
(60, 'Nguyễn Văn A', '0987654321', '123 Đường ABC', 8, 10, 697.50, 160.00, 'Giao hàng nhanh', 'Chuyển khoản', 0, 1759991388000, 1759991388000),
(61, 'Lê Đình C', '0912345678', '123 Đường ABC', 5, 0, 450.00, 100.00, NULL, 'Tiền mặt', 1, 1735676887000, 1735676887000),
(62, 'Hoàng Anh E', NULL, NULL, 5, 5, 551.00, 100.00, 'Đóng gói cẩn thận', 'Tiền mặt', 1, 1735700857000, 1735700857000),
(63, 'Trần Thị B', '0987654321', NULL, 6, 0, 370.00, 120.00, 'Đóng gói cẩn thận', 'Chuyển khoản', 1, 1735697778000, 1735697778000),
(64, 'Nguyễn Văn A', '0976543210', NULL, 8, 5, 900.60, 160.00, NULL, 'Tiền mặt', 1, 1735665781000, 1735665781000),
(65, 'Lê Đình C', '0976543210', 'Khu Phố 4', 1, 0, 95.00, 20.00, NULL, 'Chuyển khoản', 1, 1735686634000, 1735686634000),
(66, 'Phạm Thu D', NULL, 'Số 567 Phường XYZ', 1, 0, 65.00, 20.00, 'Đóng gói cẩn thận', 'Tiền mặt', 1, 1735707812000, 1735707812000),
(67, 'Nguyễn Văn A', '0912345678', NULL, 7, 5, 631.75, 140.00, 'Đóng gói cẩn thận', 'Tiền mặt', 1, 1735679386000, 1735679386000),
(68, 'Phạm Thu D', '0987654321', NULL, 1, 0, 80.00, 20.00, 'Đóng gói cẩn thận', 'Chuyển khoản', 1, 1735708883000, 1735708883000),
(69, 'Trần Thị B', '0976543210', '123 Đường ABC', 2, 0, 200.00, 40.00, 'Giao hàng nhanh', 'Tiền mặt', 1, 1735672175000, 1735672175000),
(70, 'Phạm Thu D', NULL, '321 Quốc Lộ 1A', 5, 0, 430.00, 100.00, NULL, 'Tiền mặt', 1, 1735668263000, 1735668263000),
(71, 'Phạm Thu D', '0912345678', '123 Đường ABC', 4, 0, 340.00, 80.00, NULL, 'Tiền mặt', 1, 1735747729000, 1735747729000),
(72, 'Nguyễn Văn A', '0912345678', 'Khu Phố 4', 5, 0, 400.00, 100.00, 'Đóng gói cẩn thận', 'Tiền mặt', 1, 1735731727000, 1735731727000),
(73, 'Phạm Thu D', '0976543210', '123 Đường ABC', 7, 10, 702.00, 140.00, NULL, 'Chuyển khoản', 1, 1735749332000, 1735749332000),
(74, 'Lê Đình C', '0987654321', 'Số 567 Phường XYZ', 2, 0, 200.00, 40.00, NULL, 'Tiền mặt', 1, 1735741785000, 1735741785000),
(75, 'Phạm Thu D', '0912345678', '321 Quốc Lộ 1A', 3, 0, 240.00, 60.00, 'Đóng gói cẩn thận', 'Chuyển khoản', 1, 1735722273000, 1735722273000),
(76, 'Phạm Thu D', '0912345678', '123 Đường ABC', 8, 5, 907.25, 160.00, NULL, 'Tiền mặt', 1, 1735728945000, 1735728945000),
(77, 'Lê Đình C', NULL, '123 Đường ABC', 2, 0, 210.00, 40.00, 'Giao hàng nhanh', 'Tiền mặt', 1, 1735698371000, 1735698371000),
(78, 'Trần Thị B', '0976543210', '123 Đường ABC', 2, 0, 100.00, 40.00, NULL, 'Tiền mặt', 1, 1735699073000, 1735699073000),
(79, 'Lê Đình C', '0901234567', '321 Quốc Lộ 1A', 5, 0, 450.00, 100.00, NULL, 'Chuyển khoản', 1, 1735711575000, 1735711575000),
(80, 'Nguyễn Văn A', '0987654321', '321 Quốc Lộ 1A', 3, 0, 375.00, 60.00, 'Đóng gói cẩn thận', 'Tiền mặt', 1, 1735748703000, 1735748703000),
(81, 'Trần Thị B', '0976543210', 'Số 567 Phường XYZ', 4, 0, 490.00, 80.00, 'Giao hàng nhanh', 'Tiền mặt', 1, 1735717174000, 1735717174000),
(82, 'Lê Đình C', '0976543210', '123 Đường ABC', 9, 5, 703.00, 180.00, NULL, 'Tiền mặt', 1, 1735727430000, 1735727430000),
(83, 'Phạm Thu D', '0976543210', 'Khu Phố 4', 7, 0, 755.00, 140.00, 'Giao hàng nhanh', 'Tiền mặt', 1, 1735718218000, 1735718218000),
(84, 'Hoàng Anh E', '0976543210', '123 Đường ABC', 8, 10, 810.00, 160.00, 'Giao hàng nhanh', 'Chuyển khoản', 1, 1735734136000, 1735734136000),
(85, 'Lê Đình C', NULL, '123 Đường ABC', 3, 0, 315.00, 60.00, NULL, 'Chuyển khoản', 1, 1735693828000, 1735693828000),
(86, 'Lê Đình C', '0912345678', 'Khu Phố 4', 2, 0, 165.00, 40.00, NULL, 'Chuyển khoản', 1, 1735682539000, 1735682539000),
(87, 'Phạm Thu D', '0912345678', NULL, 1, 0, 60.00, 20.00, 'Giao hàng nhanh', 'Tiền mặt', 1, 1735718512000, 1735718512000),
(88, 'Trần Thị B', '0976543210', '321 Quốc Lộ 1A', 2, 0, 300.00, 40.00, 'Giao hàng nhanh', 'Tiền mặt', 1, 1735678204000, 1735678204000),
(89, 'Hoàng Anh E', '0976543210', 'Khu Phố 4', 6, 0, 470.00, 120.00, NULL, 'Tiền mặt', 1, 1735671377000, 1735671377000),
(90, 'Trần Thị B', '0901234567', 'Khu Phố 4', 4, 0, 430.00, 80.00, 'Giao hàng nhanh', 'Tiền mặt', 1, 1735696273000, 1735696273000),
(91, 'Nguyễn Văn A', '0901234567', 'Số 567 Phường XYZ', 2, 0, 205.00, 40.00, NULL, 'Tiền mặt', 1, 1735727249000, 1735727249000),
(92, 'Hoàng Anh E', NULL, '321 Quốc Lộ 1A', 7, 5, 584.25, 140.00, NULL, 'Tiền mặt', 1, 1735677768000, 1735677768000),
(93, 'Trần Thị B', '0976543210', 'Số 567 Phường XYZ', 5, 0, 632.00, 100.00, 'Đóng gói cẩn thận', 'Tiền mặt', 1, 1735686141000, 1735686141000),
(94, 'Phạm Thu D', '0912345678', '123 Đường ABC', 6, 0, 420.00, 120.00, 'Giao hàng nhanh', 'Chuyển khoản', 1, 1735689762000, 1735689762000),
(95, 'Phạm Thu D', '0987654321', 'Số 567 Phường XYZ', 3, 0, 225.00, 60.00, 'Giao hàng nhanh', 'Chuyển khoản', 1, 1735725875000, 1735725875000),
(96, 'Phạm Thu D', '0987654321', 'Khu Phố 4', 2, 0, 320.00, 40.00, 'Đóng gói cẩn thận', 'Tiền mặt', 1, 1735734271000, 1735734271000),
(97, 'Phạm Thu D', NULL, 'Số 567 Phường XYZ', 3, 0, 255.00, 60.00, 'Giao hàng nhanh', 'Tiền mặt', 1, 1735707270000, 1735707270000),
(98, 'Nguyễn Văn A', NULL, 'Số 567 Phường XYZ', 4, 0, 600.00, 80.00, 'Đóng gói cẩn thận', 'Tiền mặt', 1, 1735698943000, 1735698943000),
(99, 'Trần Thị B', '0912345678', '321 Quốc Lộ 1A', 4, 0, 480.00, 80.00, NULL, 'Chuyển khoản', 1, 1735737289000, 1735737289000),
(100, 'Hoàng Anh E', '0912345678', 'Số 567 Phường XYZ', 9, 5, 826.50, 180.00, 'Giao hàng nhanh', 'Tiền mặt', 1, 1735669132000, 1735669132000)
;




-- CAU LENH INSERT CHO BANG INVOICE_DETAILS --

INSERT INTO invoice_details (invoiceId, hinhAnh, tenHoa, soLuong, giaNhap, giaBan) VALUES
(1, 'https://i.pinimg.com/736x/64/b2/ac/64b2acac8c74da505b6ac60454839383.jpg', 'Hoa Thiên Điểu', 2, 110.00, 130.00),
(2, 'https://i.pinimg.com/1200x/a0/32/a5/a032a58016f19473560e6e94b3387bef.jpg', 'Hoa Cẩm Tú Cầu', 3, 65.00, 85.00),
(3, 'https://i.pinimg.com/736x/c3/a5/1c/c3a51cac63685c724ff41819403cfa7a.jpg', 'Hoa Bỉ Ngạn', 4, 80.00, 100.00),
(3, 'https://i.pinimg.com/736x/7a/68/e3/7a68e3afb07d72b4086136f3af9a7d1a.jpg', 'Hoa Hồng Trắng', 4, 55.00, 75.00),
(4, 'https://i.pinimg.com/1200x/7e/7f/a6/7e7fa6d93a902b3fbff469c5905a4b80.jpg', 'Hoa Thu Hải Đường', 2, 85.00, 105.00),
(5, 'https://i.pinimg.com/1200x/7a/86/bd/7a86bd933a419cb5c6e8a076c8854ef4.jpg', 'Hoa Thủy Tiên', 2, 60.00, 80.00),
(6, 'https://i.pinimg.com/1200x/5e/8a/45/5e8a4599cb8712064791995d1e3c18af.jpg', 'Hoa Ly (Bách Hợp)', 3, 60.00, 80.00),
(6, 'https://i.pinimg.com/1200x/de/02/9a/de029aca664ace271d53c13579dc83d6.jpg', 'Hoa Anh Đào (Sakura)', 5, 85.00, 105.00),
(7, 'https://i.pinimg.com/736x/df/9b/20/df9b2063649512a0a49645322941e723.jpg', 'Hoa Lan Hồ Điệp', 5, 80.00, 100.00),
(8, 'https://i.pinimg.com/1200x/40/3f/36/403f3638275f4b446f5ff052393ae047.jpg', 'Hoa Huệ (Tây)', 4, 145.00, 165.00),
(8, 'https://i.pinimg.com/736x/1d/ca/18/1dca181c4e492f9e45d7ee4cf686a951.jpg', 'Hoa Bằng Lăng', 4, 150.00, 170.00),
(9, 'https://i.pinimg.com/1200x/cc/5c/4b/cc5c4b254da6183eb10c7e14f2d41e2f.jpg', 'Hoa Cát Tường', 4, 60.00, 80.00),
(9, 'https://i.pinimg.com/736x/a3/d4/04/a3d404ecafb26f41942634e0dabc23b7.jpg', 'Hoa Nhài', 3, 45.00, 65.00),
(10, 'https://i.pinimg.com/736x/36/45/5a/36455a48cfad957d3e8427e4060f172c.jpg', 'Hoa Lan Vanda', 5, 90.00, 110.00),
(11, 'https://i.pinimg.com/736x/1d/ca/18/1dca181c4e492f9e45d7ee4cf686a951.jpg', 'Hoa Bằng Lăng', 5, 150.00, 170.00),
(12, 'https://i.pinimg.com/1200x/60/15/a4/6015a4d1548f2ed163c2c1ae054c6027.jpg', 'Hoa Phượng Vĩ', 4, 52.00, 72.00),
(13, 'https://i.pinimg.com/736x/50/d9/d6/50d9d68cd02b0ca316eab735292e81ef.jpg', 'Hoa Hướng Dương', 5, 35.00, 55.00),
(13, 'https://i.pinimg.com/1200x/7a/86/bd/7a86bd933a419cb5c6e8a076c8854ef4.jpg', 'Hoa Thủy Tiên', 3, 60.00, 80.00),
(14, 'https://i.pinimg.com/1200x/cc/5c/4b/cc5c4b254da6183eb10c7e14f2d41e2f.jpg', 'Hoa Cát Tường', 4, 60.00, 80.00),
(14, 'https://i.pinimg.com/736x/a3/d4/04/a3d404ecafb26f41942634e0dabc23b7.jpg', 'Hoa Nhài', 3, 45.00, 65.00),
(15, 'https://i.pinimg.com/736x/e2/6c/6e/e26c6e6f1c8bd5a60a207ce05a34d139.jpg', 'Hoa Trà My', 3, 105.00, 125.00),
(15, 'https://i.pinimg.com/736x/1d/ca/18/1dca181c4e492f9e45d7ee4cf686a951.jpg', 'Hoa Bằng Lăng', 2, 150.00, 170.00),
(16, 'https://i.pinimg.com/736x/02/41/04/024104a1608a5295f6d11992cdc500a3.jpg', 'Hoa Cẩm Chướng', 1, 40.00, 60.00),
(17, 'https://i.pinimg.com/736x/e1/96/29/e19629762c2d9ade49adad6bda7884ac.jpg', 'Hoa Dã Quỳ', 3, 55.00, 75.00),
(18, 'https://i.pinimg.com/736x/1d/b4/36/1db436337a94fc3222e8849572201692.jpg', 'Hoa Hồng Đỏ', 5, 50.00, 70.00),
(19, 'https://i.pinimg.com/736x/40/62/de/4062debffbbd9a044d52e9cf1ebee0e7.jpg', 'Hoa Tử Đinh Hương', 3, 85.00, 105.00),
(19, 'https://i.pinimg.com/736x/c3/a5/1c/c3a51cac63685c724ff41819403cfa7a.jpg', 'Hoa Bỉ Ngạn', 1, 80.00, 100.00),
(20, 'https://i.pinimg.com/736x/6b/2b/3f/6b2b3f272a2f7058979d124caeefeaf5.jpg', 'Hoa Violet', 5, 125.00, 145.00),
(20, 'https://i.pinimg.com/736x/93/6c/76/936c76cc3e82000272c4f0e6ffddbb63.jpg', 'Hoa Mười Giờ', 1, 135.00, 155.00),
(21, 'https://i.pinimg.com/736x/a6/e5/fa/a6e5fad0e9561d9cdbd75b1e0eb3d438.jpg', 'Hoa Đỗ Quyên', 2, 75.00, 95.00),
(22, 'https://i.pinimg.com/736x/fe/f3/60/fef360f898f902413d57fa25dde336ef.jpg', 'Hoa Tử Đằng', 3, 30.00, 50.00),
(23, 'https://i.pinimg.com/736x/f3/bb/c0/f3bbc04717dbf0fd8cd129d92a27b864.jpg', 'Hoa Mai Vàng', 2, 60.00, 80.00),
(24, 'https://i.pinimg.com/1200x/5e/1b/91/5e1b9134b347d1d8a818f7d2a2f49e84.jpg', 'Hoa Hải Đường', 4, 120.00, 140.00),
(24, 'https://i.pinimg.com/1200x/a0/32/a5/a032a58016f19473560e6e94b3387bef.jpg', 'Hoa Cẩm Tú Cầu', 2, 65.00, 85.00),
(25, 'https://i.pinimg.com/736x/a6/e5/fa/a6e5fad0e9561d9cdbd75b1e0eb3d438.jpg', 'Hoa Đỗ Quyên', 2, 75.00, 95.00),
(26, 'https://i.pinimg.com/736x/7a/68/e3/7a68e3afb07d72b4086136f3af9a7d1a.jpg', 'Hoa Hồng Trắng', 5, 55.00, 75.00),
(26, 'https://i.pinimg.com/736x/25/fd/50/25fd507fb17d3abfc54114ad13305141.jpg', 'Hoa Cúc Hoạ Mi', 1, 95.00, 115.00),
(27, 'https://i.pinimg.com/1200x/de/02/9a/de029aca664ace271d53c13579dc83d6.jpg', 'Hoa Anh Đào (Sakura)', 3, 85.00, 105.00),
(28, 'https://i.pinimg.com/736x/f5/5a/dd/f55add314b127c2a015195f23b08721c.jpg', 'Hoa Quỳnh', 2, 140.00, 160.00),
(28, 'https://i.pinimg.com/736x/25/fd/50/25fd507fb17d3abfc54114ad13305141.jpg', 'Hoa Cúc Hoạ Mi', 3, 95.00, 115.00),
(29, 'https://i.pinimg.com/736x/40/62/de/4062debffbbd9a044d52e9cf1ebee0e7.jpg', 'Hoa Tử Đinh Hương', 4, 85.00, 105.00),
(29, 'https://i.pinimg.com/736x/7a/68/e3/7a68e3afb07d72b4086136f3af9a7d1a.jpg', 'Hoa Hồng Trắng', 1, 55.00, 75.00),
(30, 'https://i.pinimg.com/736x/36/45/5a/36455a48cfad957d3e8427e4060f172c.jpg', 'Hoa Lan Vanda', 5, 90.00, 110.00),
(31, 'https://i.pinimg.com/736x/7a/68/e3/7a68e3afb07d72b4086136f3af9a7d1a.jpg', 'Hoa Hồng Trắng', 5, 55.00, 75.00),
(31, 'https://i.pinimg.com/736x/f3/bb/c0/f3bbc04717dbf0fd8cd129d92a27b864.jpg', 'Hoa Mai Vàng', 5, 60.00, 80.00),
(32, 'https://i.pinimg.com/736x/12/d4/4e/12d44ec71e173fbf3d4006315afe9745.jpg', 'Hoa Cúc Vàng', 3, 30.00, 50.00),
(32, 'https://i.pinimg.com/736x/21/5d/4c/215d4c77b9a10b805a5ebe0c14e6d8aa.jpg', 'Hoa Mộc Lan', 2, 70.00, 90.00),
(33, 'https://i.pinimg.com/736x/13/fc/99/13fc997c912e313645553e113646a8d4.jpg', 'Hoa Sen', 2, 70.00, 90.00),
(33, 'https://i.pinimg.com/736x/36/45/5a/36455a48cfad957d3e8427e4060f172c.jpg', 'Hoa Lan Vanda', 5, 90.00, 110.00),
(34, 'https://i.pinimg.com/1200x/37/5a/f3/375af34a59cadf29cb93756ea35c61e0.jpg', 'Hoa Phong Lữ', 3, 75.00, 95.00),
(34, 'https://i.pinimg.com/736x/6b/2b/3f/6b2b3f272a2f7058979d124caeefeaf5.jpg', 'Hoa Violet', 3, 125.00, 145.00),
(35, 'https://i.pinimg.com/736x/66/3f/e2/663fe2d30d198094227eded3e9432cf9.jpg', 'Hoa Hồng Vàng', 4, 52.00, 72.00),
(35, 'https://i.pinimg.com/736x/cf/8d/47/cf8d4701c73525ad20aa25ee93f998df.jpg', 'Hoa Tulip', 4, 70.00, 90.00),
(36, 'https://i.pinimg.com/736x/02/41/04/024104a1608a5295f6d11992cdc500a3.jpg', 'Hoa Cẩm Chướng', 4, 40.00, 60.00),
(37, 'https://i.pinimg.com/736x/75/b7/70/75b770cd23722b37c7013a471ee8bd3f.jpg', 'Hoa Đồng Tiền', 5, 45.00, 65.00),
(37, 'https://i.pinimg.com/736x/6b/2b/3f/6b2b3f272a2f7058979d124caeefeaf5.jpg', 'Hoa Violet', 4, 125.00, 145.00),
(38, 'https://i.pinimg.com/736x/e2/6c/6e/e26c6e6f1c8bd5a60a207ce05a34d139.jpg', 'Hoa Trà My', 1, 105.00, 125.00),
(38, 'https://i.pinimg.com/736x/1d/ca/18/1dca181c4e492f9e45d7ee4cf686a951.jpg', 'Hoa Bằng Lăng', 3, 150.00, 170.00),
(39, 'https://i.pinimg.com/1200x/60/15/a4/6015a4d1548f2ed163c2c1ae054c6027.jpg', 'Hoa Phượng Vĩ', 5, 52.00, 72.00),
(40, 'https://i.pinimg.com/736x/55/3e/80/553e803485d51f9453b27f6e53805574.jpg', 'Hoa Lavender', 1, 75.00, 95.00),
(41, 'https://i.pinimg.com/1200x/ec/fb/c3/ecfbc3b21c260cc24acdf9b63c8188b1.jpg', 'Hoa Tigon', 2, 70.00, 90.00),
(42, 'https://i.pinimg.com/1200x/40/3f/36/403f3638275f4b446f5ff052393ae047.jpg', 'Hoa Huệ (Tây)', 3, 145.00, 165.00),
(42, 'https://i.pinimg.com/736x/a6/e5/fa/a6e5fad0e9561d9cdbd75b1e0eb3d438.jpg', 'Hoa Đỗ Quyên', 4, 75.00, 95.00),
(43, 'https://i.pinimg.com/736x/21/5d/4c/215d4c77b9a10b805a5ebe0c14e6d8aa.jpg', 'Hoa Mộc Lan', 1, 70.00, 90.00),
(44, 'https://i.pinimg.com/736x/64/b2/ac/64b2acac8c74da505b6ac60454839383.jpg', 'Hoa Thiên Điểu', 3, 110.00, 130.00),
(45, 'https://i.pinimg.com/736x/d3/c2/18/d3c218e324d0ae338de1ea5a10620009.jpg', 'Hoa Diên Vĩ (Iris)', 1, 130.00, 150.00),
(46, 'https://i.pinimg.com/736x/40/62/de/4062debffbbd9a044d52e9cf1ebee0e7.jpg', 'Hoa Tử Đinh Hương', 3, 85.00, 105.00),
(47, 'https://i.pinimg.com/736x/08/1d/bb/081dbba65d106d9943cbe97f582759dd.jpg', 'Hoa Baby (Baby’s Breath)', 3, 90.00, 110.00),
(47, 'https://i.pinimg.com/736x/e1/96/29/e19629762c2d9ade49adad6bda7884ac.jpg', 'Hoa Dã Quỳ', 2, 55.00, 75.00),
(48, 'https://i.pinimg.com/1200x/cc/5c/4b/cc5c4b254da6183eb10c7e14f2d41e2f.jpg', 'Hoa Cát Tường', 2, 60.00, 80.00),
(48, 'https://i.pinimg.com/1200x/7a/86/bd/7a86bd933a419cb5c6e8a076c8854ef4.jpg', 'Hoa Thủy Tiên', 4, 60.00, 80.00),
(49, 'https://i.pinimg.com/736x/1d/ca/18/1dca181c4e492f9e45d7ee4cf686a951.jpg', 'Hoa Bằng Lăng', 1, 150.00, 170.00),
(49, 'https://i.pinimg.com/736x/40/62/de/4062debffbbd9a044d52e9cf1ebee0e7.jpg', 'Hoa Tử Đinh Hương', 1, 85.00, 105.00),
(50, 'https://i.pinimg.com/736x/d3/c2/18/d3c218e324d0ae338de1ea5a10620009.jpg', 'Hoa Diên Vĩ (Iris)', 2, 130.00, 150.00),
(50, 'https://i.pinimg.com/736x/08/1d/bb/081dbba65d106d9943cbe97f582759dd.jpg', 'Hoa Baby (Baby’s Breath)', 4, 90.00, 110.00),
(51, 'https://i.pinimg.com/736x/75/b7/70/75b770cd23722b37c7013a471ee8bd3f.jpg', 'Hoa Đồng Tiền', 4, 45.00, 65.00),
(52, 'https://i.pinimg.com/1200x/60/15/a4/6015a4d1548f2ed163c2c1ae054c6027.jpg', 'Hoa Phượng Vĩ', 5, 52.00, 72.00),
(53, 'https://i.pinimg.com/736x/55/3e/80/553e803485d51f9453b27f6e53805574.jpg', 'Hoa Lavender', 1, 75.00, 95.00),
(53, 'https://i.pinimg.com/736x/40/62/de/4062debffbbd9a044d52e9cf1ebee0e7.jpg', 'Hoa Tử Đinh Hương', 1, 85.00, 105.00),
(54, 'https://i.pinimg.com/736x/91/0b/d9/910bd9b7346942cd6d741169efb4cc1c.jpg', 'Hoa Linh Lan', 3, 90.00, 110.00),
(55, 'https://i.pinimg.com/736x/f5/22/f1/f522f1a61c378c9b8b16a3f049ce87ab.jpg', 'Hoa Hồng Leo', 4, 100.00, 120.00),
(55, 'https://i.pinimg.com/736x/66/3f/e2/663fe2d30d198094227eded3e9432cf9.jpg', 'Hoa Hồng Vàng', 4, 52.00, 72.00),
(56, 'https://i.pinimg.com/originals/2d/db/24/2ddb2428fc36385900aa2c7dbb68d5f5.png', 'Hoa Mẫu Đơn (Peony)', 2, 55.00, 75.00),
(57, 'https://i.pinimg.com/736x/66/3f/e2/663fe2d30d198094227eded3e9432cf9.jpg', 'Hoa Hồng Vàng', 5, 52.00, 72.00),
(57, 'https://i.pinimg.com/736x/12/d4/4e/12d44ec71e173fbf3d4006315afe9745.jpg', 'Hoa Cúc Vàng', 5, 30.00, 50.00),
(58, 'https://i.pinimg.com/1200x/a0/32/a5/a032a58016f19473560e6e94b3387bef.jpg', 'Hoa Cẩm Tú Cầu', 1, 65.00, 85.00),
(59, 'https://i.pinimg.com/736x/1d/b4/36/1db436337a94fc3222e8849572201692.jpg', 'Hoa Hồng Đỏ', 5, 50.00, 70.00),
(59, 'https://i.pinimg.com/736x/7a/68/e3/7a68e3afb07d72b4086136f3af9a7d1a.jpg', 'Hoa Hồng Trắng', 4, 55.00, 75.00),
(60, 'https://i.pinimg.com/736x/36/45/5a/36455a48cfad957d3e8427e4060f172c.jpg', 'Hoa Lan Vanda', 5, 90.00, 110.00),
(60, 'https://i.pinimg.com/736x/7a/68/e3/7a68e3afb07d72b4086136f3af9a7d1a.jpg', 'Hoa Hồng Trắng', 3, 55.00, 75.00),
(61, 'https://i.pinimg.com/736x/21/5d/4c/215d4c77b9a10b805a5ebe0c14e6d8aa.jpg', 'Hoa Mộc Lan', 5, 70.00, 90.00),
(62, 'https://i.pinimg.com/1200x/5e/1b/91/5e1b9134b347d1d8a818f7d2a2f49e84.jpg', 'Hoa Hải Đường', 1, 120.00, 140.00),
(62, 'https://i.pinimg.com/736x/91/0b/d9/910bd9b7346942cd6d741169efb4cc1c.jpg', 'Hoa Linh Lan', 4, 90.00, 110.00),
(63, 'https://i.pinimg.com/736x/e1/96/29/e19629762c2d9ade49adad6bda7884ac.jpg', 'Hoa Dã Quỳ', 2, 55.00, 75.00),
(63, 'https://i.pinimg.com/736x/50/d9/d6/50d9d68cd02b0ca316eab735292e81ef.jpg', 'Hoa Hướng Dương', 4, 35.00, 55.00),
(64, 'https://i.pinimg.com/1200x/40/3f/36/403f3638275f4b446f5ff052393ae047.jpg', 'Hoa Huệ (Tây)', 4, 145.00, 165.00),
(64, 'https://i.pinimg.com/1200x/60/15/a4/6015a4d1548f2ed163c2c1ae054c6027.jpg', 'Hoa Phượng Vĩ', 4, 52.00, 72.00),
(65, 'https://i.pinimg.com/1200x/37/5a/f3/375af34a59cadf29cb93756ea35c61e0.jpg', 'Hoa Phong Lữ', 1, 75.00, 95.00),
(66, 'https://i.pinimg.com/736x/a3/d4/04/a3d404ecafb26f41942634e0dabc23b7.jpg', 'Hoa Nhài', 1, 45.00, 65.00),
(67, 'https://i.pinimg.com/736x/52/7a/d6/527ad6301b9168500fa67f7da0b4be67.jpg', 'Hoa Đào Tết', 5, 65.00, 85.00),
(67, 'https://i.pinimg.com/736x/f5/22/f1/f522f1a61c378c9b8b16a3f049ce87ab.jpg', 'Hoa Hồng Leo', 2, 100.00, 120.00),
(68, 'https://i.pinimg.com/736x/f3/bb/c0/f3bbc04717dbf0fd8cd129d92a27b864.jpg', 'Hoa Mai Vàng', 1, 60.00, 80.00),
(69, 'https://i.pinimg.com/736x/97/13/ff/9713ffb53bc8db1b43d3c977abb74e61.jpg', 'Hoa Phong Lan Rừng', 2, 80.00, 100.00),
(70, 'https://i.pinimg.com/736x/e2/6c/6e/e26c6e6f1c8bd5a60a207ce05a34d139.jpg', 'Hoa Trà My', 2, 105.00, 125.00),
(70, 'https://i.pinimg.com/736x/02/41/04/024104a1608a5295f6d11992cdc500a3.jpg', 'Hoa Cẩm Chướng', 3, 40.00, 60.00),
(71, 'https://i.pinimg.com/736x/56/a2/ff/56a2ff65f7e4be5c3235dda293e7d21f.jpg', 'Hoa Dạ Lan Hương', 4, 65.00, 85.00),
(72, 'https://i.pinimg.com/1200x/cc/5c/4b/cc5c4b254da6183eb10c7e14f2d41e2f.jpg', 'Hoa Cát Tường', 5, 60.00, 80.00),
(73, 'https://i.pinimg.com/736x/f5/22/f1/f522f1a61c378c9b8b16a3f049ce87ab.jpg', 'Hoa Hồng Leo', 3, 100.00, 120.00),
(73, 'https://i.pinimg.com/1200x/7e/7f/a6/7e7fa6d93a902b3fbff469c5905a4b80.jpg', 'Hoa Thu Hải Đường', 4, 85.00, 105.00),
(74, 'https://i.pinimg.com/736x/c3/a5/1c/c3a51cac63685c724ff41819403cfa7a.jpg', 'Hoa Bỉ Ngạn', 2, 80.00, 100.00),
(75, 'https://i.pinimg.com/1200x/5e/8a/45/5e8a4599cb8712064791995d1e3c18af.jpg', 'Hoa Ly (Bách Hợp)', 3, 60.00, 80.00),
(76, 'https://i.pinimg.com/736x/91/0b/d9/910bd9b7346942cd6d741169efb4cc1c.jpg', 'Hoa Linh Lan', 5, 90.00, 110.00),
(76, 'https://i.pinimg.com/736x/49/8f/c1/498fc156a7642cb0c18bb3f0762ae671.jpg', 'Hoa Mao Lương', 3, 115.00, 135.00),
(77, 'https://i.pinimg.com/1200x/de/02/9a/de029aca664ace271d53c13579dc83d6.jpg', 'Hoa Anh Đào (Sakura)', 2, 85.00, 105.00),
(78, 'https://i.pinimg.com/736x/12/d4/4e/12d44ec71e173fbf3d4006315afe9745.jpg', 'Hoa Cúc Vàng', 2, 30.00, 50.00),
(79, 'https://i.pinimg.com/736x/cf/8d/47/cf8d4701c73525ad20aa25ee93f998df.jpg', 'Hoa Tulip', 5, 70.00, 90.00),
(80, 'https://i.pinimg.com/736x/e2/6c/6e/e26c6e6f1c8bd5a60a207ce05a34d139.jpg', 'Hoa Trà My', 3, 105.00, 125.00),
(81, 'https://i.pinimg.com/736x/64/b2/ac/64b2acac8c74da505b6ac60454839383.jpg', 'Hoa Thiên Điểu', 1, 110.00, 130.00),
(81, 'https://i.pinimg.com/736x/f5/22/f1/f522f1a61c378c9b8b16a3f049ce87ab.jpg', 'Hoa Hồng Leo', 3, 100.00, 120.00),
(82, 'https://i.pinimg.com/1200x/37/5a/f3/375af34a59cadf29cb93756ea35c61e0.jpg', 'Hoa Phong Lữ', 4, 75.00, 95.00),
(82, 'https://i.pinimg.com/736x/66/3f/e2/663fe2d30d198094227eded3e9432cf9.jpg', 'Hoa Hồng Vàng', 5, 52.00, 72.00),
(83, 'https://i.pinimg.com/736x/e2/6c/6e/e26c6e6f1c8bd5a60a207ce05a34d139.jpg', 'Hoa Trà My', 3, 105.00, 125.00),
(83, 'https://i.pinimg.com/736x/55/3e/80/553e803485d51f9453b27f6e53805574.jpg', 'Hoa Lavender', 4, 75.00, 95.00),
(84, 'https://i.pinimg.com/736x/21/5d/4c/215d4c77b9a10b805a5ebe0c14e6d8aa.jpg', 'Hoa Mộc Lan', 4, 70.00, 90.00),
(84, 'https://i.pinimg.com/736x/49/8f/c1/498fc156a7642cb0c18bb3f0762ae671.jpg', 'Hoa Mao Lương', 4, 115.00, 135.00),
(85, 'https://i.pinimg.com/1200x/ba/2b/99/ba2b99363911a0de5c8cccdd3ed64eb4.jpg', 'Hoa Lan Cattleya', 3, 85.00, 105.00),
(86, 'https://i.pinimg.com/736x/50/d9/d6/50d9d68cd02b0ca316eab735292e81ef.jpg', 'Hoa Hướng Dương', 1, 35.00, 55.00),
(86, 'https://i.pinimg.com/736x/08/1d/bb/081dbba65d106d9943cbe97f582759dd.jpg', 'Hoa Baby (Baby’s Breath)', 1, 90.00, 110.00),
(87, 'https://i.pinimg.com/736x/02/41/04/024104a1608a5295f6d11992cdc500a3.jpg', 'Hoa Cẩm Chướng', 1, 40.00, 60.00),
(88, 'https://i.pinimg.com/736x/d3/c2/18/d3c218e324d0ae338de1ea5a10620009.jpg', 'Hoa Diên Vĩ (Iris)', 2, 130.00, 150.00),
(89, 'https://i.pinimg.com/1200x/7a/86/bd/7a86bd933a419cb5c6e8a076c8854ef4.jpg', 'Hoa Thủy Tiên', 5, 60.00, 80.00),
(89, 'https://i.pinimg.com/736x/3b/76/1b/3b761b31eb35c25f1dd8444f4c009c1c.jpg', 'Hoa Sứ (Đại)', 1, 50.00, 70.00),
(90, 'https://i.pinimg.com/1200x/7a/86/bd/7a86bd933a419cb5c6e8a076c8854ef4.jpg', 'Hoa Thủy Tiên', 2, 60.00, 80.00),
(90, 'https://i.pinimg.com/736x/49/8f/c1/498fc156a7642cb0c18bb3f0762ae671.jpg', 'Hoa Mao Lương', 2, 115.00, 135.00),
(91, 'https://i.pinimg.com/736x/25/fd/50/25fd507fb17d3abfc54114ad13305141.jpg', 'Hoa Cúc Hoạ Mi', 1, 95.00, 115.00),
(91, 'https://i.pinimg.com/736x/21/5d/4c/215d4c77b9a10b805a5ebe0c14e6d8aa.jpg', 'Hoa Mộc Lan', 1, 70.00, 90.00),
(92, 'https://i.pinimg.com/1200x/37/5a/f3/375af34a59cadf29cb93756ea35c61e0.jpg', 'Hoa Phong Lữ', 2, 75.00, 95.00),
(92, 'https://i.pinimg.com/736x/56/a2/ff/56a2ff65f7e4be5c3235dda293e7d21f.jpg', 'Hoa Dạ Lan Hương', 5, 65.00, 85.00),
(93, 'https://i.pinimg.com/1200x/5e/1b/91/5e1b9134b347d1d8a818f7d2a2f49e84.jpg', 'Hoa Hải Đường', 4, 120.00, 140.00),
(93, 'https://i.pinimg.com/1200x/60/15/a4/6015a4d1548f2ed163c2c1ae054c6027.jpg', 'Hoa Phượng Vĩ', 1, 52.00, 72.00),
(94, 'https://i.pinimg.com/1200x/5e/8a/45/5e8a4599cb8712064791995d1e3c18af.jpg', 'Hoa Ly (Bách Hợp)', 2, 60.00, 80.00),
(94, 'https://i.pinimg.com/736x/75/b7/70/75b770cd23722b37c7013a471ee8bd3f.jpg', 'Hoa Đồng Tiền', 4, 45.00, 65.00),
(95, 'https://i.pinimg.com/736x/e1/96/29/e19629762c2d9ade49adad6bda7884ac.jpg', 'Hoa Dã Quỳ', 3, 55.00, 75.00),
(96, 'https://i.pinimg.com/736x/f5/5a/dd/f55add314b127c2a015195f23b08721c.jpg', 'Hoa Quỳnh', 2, 140.00, 160.00),
(97, 'https://i.pinimg.com/736x/52/7a/d6/527ad6301b9168500fa67f7da0b4be67.jpg', 'Hoa Đào Tết', 3, 65.00, 85.00),
(98, 'https://i.pinimg.com/736x/d3/c2/18/d3c218e324d0ae338de1ea5a10620009.jpg', 'Hoa Diên Vĩ (Iris)', 4, 130.00, 150.00),
(99, 'https://i.pinimg.com/1200x/a0/32/a5/a032a58016f19473560e6e94b3387bef.jpg', 'Hoa Cẩm Tú Cầu', 2, 65.00, 85.00),
(99, 'https://i.pinimg.com/736x/93/6c/76/936c76cc3e82000272c4f0e6ffddbb63.jpg', 'Hoa Mười Giờ', 2, 135.00, 155.00),
(100, 'https://i.pinimg.com/736x/40/62/de/4062debffbbd9a044d52e9cf1ebee0e7.jpg', 'Hoa Tử Đinh Hương', 4, 85.00, 105.00),
(100, 'https://i.pinimg.com/1200x/ec/fb/c3/ecfbc3b21c260cc24acdf9b63c8188b1.jpg', 'Hoa Tigon', 5, 70.00, 90.00)
;